key,key:user-account,supervisor,expertise-fields,resume,further-information
assistant-01,user-account-assistant-1,supervisor1,fieldsfor1,resumeforone,
assistant-02,user-account-assistant-2,supervisor2,fieldsfor2,resumefortwo,http://www.google.com
assistant-03,user-account-assistant-3,supervisor3,fieldsfor3,resumeforthree,
assistant-04,user-account-assistant-4,supervisor4,fieldsfor4,resumeforfour,
assistant-05,user-account-assistant-5,supervisor5,fieldsfor5,resumeforfive,
assistant-06,user-account-assistant-6,supervisor6,fieldsfor6,AAAAAAAAAAAAAAAAAAAAAAAAAAAAAAAAAAAAAAAAAAAAAAAAAAAAAAAAAAAAAAAAAAAAAAAAAAAA,http://www.amazon.com
assistant-07,user-account-assistant-7,supervisor7,fieldsfor7,aasofja09378qx0m30qxm#?¿12!º,
assistant-08,user-account-assistant-8,supervisor8,fieldsfor8,resumeforeight,
assistant-09,user-account-assistant-9,supervisor9,fieldsfor9,resumefornine,http://www.wikipedia.com
assistant-10,user-account-assistant-10,supervisor10,fieldsfor10,resumeforten,